id,modelo,tamanho,cor,marca,created_at
1016ab42-40e5-4e6d-9f03-2be009393ce0,nike dunk,42,rosa,nike,2024-11-17T16:02:03.109186
e00327f8-e4e0-465d-a4be-305c542c54a7,nike dunk,42,rosa,nike,2024-11-17T16:02:03.619602
a18cdcb1-f68d-4ac3-9adb-c16cb7089f58,nike dunk,42,rosa,nike,2024-11-17T16:02:03.846020
b02d5852-9f38-450a-ad6c-e9807c4bfd17,nike dunk,42,rosa,nike,2024-11-17T16:02:04.105650
2ea1fb29-05e6-4639-9d91-be0823bb52e3,nike dunk,42,rosa,nike,2024-11-17T16:02:16.288120
cfec2444-63b8-4ad7-8f93-0d05faa0d206,Adidas galaxy 6,43,cinza,Adidas,2024-11-17T16:02:17.207374
